Veränderung der Zahl der Lebendgeborenen nach Kreisen, 1990-2015;;
"Datenquelle: Statistisches Bundesamt; Berechnungen: Bundesinstitut für Bevölkerungsforschung";;
;;
http://www.demografie-portal.de/SharedDocs/Informieren/DE/ZahlenFakten/Geburtenentwicklung_Kreise.html;;
;;
;;
Amtlicher Gemeindeschlüssel;Kreisname;Veränderung der Geburtenzahl
1001;Flensburg, Stadt;-23%
1002;Kiel, Landeshauptstadt;-9%
1003;Lübeck, Hansestadt;-15%
1004;Neumünster, Stadt;-34%
1051;Dithmarschen;-32%
1053;Herzogtum Lauenburg;-12%
1054;Nordfriesland;-31%
1055;Ostholstein;-31%
1056;Pinneberg;-6%
1057;Plön;-29%
1058;Rendsburg-Eckernförde;-24%
1059;Schleswig-Flensburg;-29%
1060;Segeberg;-7%
1061;Steinburg;-38%
1062;Stormarn;7%
2000;Hamburg, Freie und Hansestadt;18%
3101;Braunschweig, Stadt;-9%
3102;Salzgitter, Stadt;-27%
3103;Wolfsburg, Stadt;-12%
3151;Gifhorn;-14%
3152;Göttingen;-26%
3153;Goslar;-37%
3154;Helmstedt;-33%
3155;Northeim;-36%
3156;Osterode am Harz;-44%
3157;Peine;-15%
3158;Wolfenbüttel;-28%
3241;Region Hannover;-1%
3251;Diepholz;-21%
3252;Hameln-Pyrmont;-33%
3254;Hildesheim;-25%
3255;Holzminden;-43%
3256;Nienburg (Weser);-24%
3257;Schaumburg;-30%
3351;Celle;-20%
3352;Cuxhaven;-27%
3353;Harburg;0%
3354;Lüchow-Dannenberg;-35%
3355;Lüneburg;-2%
3356;Osterholz;-11%
3357;Rotenburg (Wümme);-24%
3358;Heidekreis;-23%
3359;Stade;-10%
3360;Uelzen;-36%
3361;Verden;-11%
3401;Delmenhorst, Stadt;-14%
3402;Emden, Stadt;-30%
3403;Oldenburg (Oldenburg), Stadt;-4%
3404;Osnabrück, Stadt;-12%
3405;Wilhelmshaven, Stadt;-36%
3451;Ammerland;-15%
3452;Aurich;-29%
3453;Cloppenburg;-5%
3454;Emsland;-22%
3455;Friesland;-31%
3456;Grafschaft Bentheim;-23%
3457;Leer;-23%
3458;Oldenburg;-19%
3459;Osnabrück;-23%
3460;Vechta;-4%
3461;Wesermarsch;-41%
3462;Wittmund;-25%
4011;Bremen, Stadt;-2%
4012;Bremerhaven, Stadt;-20%
5111;Düsseldorf, Stadt;12%
5112;Duisburg, Stadt;-25%
5113;Essen, Stadt;-13%
5114;Krefeld, Stadt;-30%
5116;Mönchengladbach, Stadt;-23%
5117;Mülheim an der Ruhr, Stadt;-26%
5119;Oberhausen, Stadt;-26%
5120;Remscheid, Stadt;-36%
5122;Solingen, Stadt;-22%
5124;Wuppertal, Stadt;-22%
5154;Kleve;-22%
5158;Mettmann;-26%
5162;Rhein-Kreis Neuss;-19%
5166;Viersen;-25%
5170;Wesel;-33%
5314;Bonn, Stadt;2%
5315;Köln, Stadt;7%
5316;Leverkusen, Stadt;-4%
5334;Städteregion Aachen;-22%
5358;Düren;-24%
5362;Rhein-Erft-Kreis;-8%
5366;Euskirchen;-20%
5370;Heinsberg;-23%
5374;Oberbergischer Kreis;-26%
5378;Rheinisch-Bergischer Kreis;-22%
5382;Rhein-Sieg-Kreis;-11%
5512;Bottrop, Stadt;-28%
5513;Gelsenkirchen, Stadt;-26%
5515;Münster, Stadt;3%
5554;Borken;-25%
5558;Coesfeld;-25%
5562;Recklinghausen;-32%
5566;Steinfurt;-22%
5570;Warendorf;-25%
5711;Bielefeld, Stadt;-9%
5754;Gütersloh;-12%
5758;Herford;-15%
5762;Höxter;-38%
5766;Lippe;-21%
5770;Minden-Lübbecke;-23%
5774;Paderborn;-8%
5911;Bochum, Stadt;-23%
5913;Dortmund, Stadt;-13%
5914;Hagen, Stadt;-27%
5915;Hamm, Stadt;-27%
5916;Herne, Stadt;-27%
5954;Ennepe-Ruhr-Kreis;-32%
5958;Hochsauerlandkreis;-37%
5962;Märkischer Kreis;-36%
5966;Olpe;-25%
5970;Siegen-Wittgenstein;-29%
5974;Soest;-23%
5978;Unna;-31%
6411;Darmstadt, Wissenschaftsstadt;6%
6412;Frankfurt am Main, Stadt;38%
6413;Offenbach am Main, Stadt;9%
6414;Wiesbaden, Landeshauptstadt;18%
6431;Bergstraße;-17%
6432;Darmstadt-Dieburg;-13%
6433;Groß-Gerau;7%
6434;Hochtaunuskreis;-4%
6435;Main-Kinzig-Kreis;-15%
6436;Main-Taunus-Kreis;-4%
6437;Odenwaldkreis;-31%
6438;Offenbach;-2%
6439;Rheingau-Taunus-Kreis;-25%
6440;Wetteraukreis;-13%
6531;Gießen;-9%
6532;Lahn-Dill-Kreis;-26%
6533;Limburg-Weilburg;-15%
6534;Marburg-Biedenkopf;-27%
6535;Vogelsbergkreis;-37%
6611;Kassel, documenta-Stadt;-2%
6631;Fulda;-18%
6632;Hersfeld-Rotenburg;-27%
6633;Kassel;-24%
6634;Schwalm-Eder-Kreis;-29%
6635;Waldeck-Frankenberg;-29%
6636;Werra-Meißner-Kreis;-41%
7111;Koblenz, kreisfreie Stadt;-8%
7131;Ahrweiler;-32%
7132;Altenkirchen (Westerwald);-35%
7133;Bad Kreuznach;-26%
7134;Birkenfeld;-35%
7135;Cochem-Zell;-29%
7137;Mayen-Koblenz;-15%
7138;Neuwied;-21%
7140;Rhein-Hunsrück-Kreis;-22%
7141;Rhein-Lahn-Kreis;-24%
7143;Westerwaldkreis;-22%
7211;Trier, kreisfreie Stadt;-10%
7231;Bernkastel-Wittlich;-23%
7232;Eifelkreis Bitburg-Prüm;-14%
7233;Vulkaneifel;-40%
7235;Trier-Saarburg;-16%
7311;Frankenthal (Pfalz), kreisfreie Stadt;-13%
7312;Kaiserslautern, kreisfreie Stadt;-16%
7313;Landau in der Pfalz, kreisfreie Stadt;-3%
7314;Ludwigshafen am Rhein, kreisfreie Stadt;-6%
7315;Mainz, kreisfreie Stadt;6%
7316;Neustadt an der Weinstraße, kreisfreie Stadt;-24%
7317;Pirmasens, kreisfreie Stadt;-28%
7318;Speyer, kreisfreie Stadt;-22%
7319;Worms, kreisfreie Stadt;-6%
7320;Zweibrücken, kreisfreie Stadt;-15%
7331;Alzey-Worms;-3%
7332;Bad Dürkheim;-26%
7333;Donnersbergkreis;-28%
7334;Germersheim;-15%
7335;Kaiserslautern;-17%
7336;Kusel;-35%
7337;Südliche Weinstraße;-21%
7338;Rhein-Pfalz-Kreis;-8%
7339;Mainz-Bingen;-7%
7340;Südwestpfalz;-33%
8111;Stuttgart;5%
8115;Böblingen;-10%
8116;Esslingen;-17%
8117;Göppingen;-27%
8118;Ludwigsburg;-7%
8119;Rems-Murr-Kreis;-21%
8121;Heilbronn;-7%
8125;Heilbronn;-13%
8126;Hohenlohekreis;-16%
8127;Schwäbisch Hall;-12%
8128;Main-Tauber-Kreis;-32%
8135;Heidenheim;-27%
8136;Ostalbkreis;-24%
8211;Baden-Baden;-6%
8212;Karlsruhe;5%
8215;Karlsruhe;-16%
8216;Rastatt;-19%
8221;Heidelberg;10%
8222;Mannheim;-7%
8225;Neckar-Odenwald-Kreis;-30%
8226;Rhein-Neckar-Kreis;-13%
8231;Pforzheim;7%
8235;Calw;-34%
8236;Enzkreis;-30%
8237;Freudenstadt;-24%
8311;Freiburg im Breisgau;18%
8315;Breisgau-Hochschwarzwald;-16%
8316;Emmendingen;-15%
8317;Ortenaukreis;-17%
8325;Rottweil;-23%
8326;Schwarzwald-Baar-Kreis;-25%
8327;Tuttlingen;-18%
8335;Konstanz;-6%
8336;Lörrach;-22%
8337;Waldshut;-36%
8415;Reutlingen;-23%
8416;Tübingen;-19%
8417;Zollernalbkreis;-34%
8421;Ulm;4%
8425;Alb-Donau-Kreis;-22%
8426;Biberach;-16%
8435;Bodenseekreis;-17%
8436;Ravensburg;-25%
8437;Sigmaringen;-30%
9161;Ingolstadt;16%
9162;München, Landeshauptstadt;35%
9163;Rosenheim;0%
9171;Altötting;-16%
9172;Berchtesgadener Land;-14%
9173;Bad Tölz-Wolfratshausen;-15%
9174;Dachau;1%
9175;Ebersberg;4%
9176;Eichstätt;-13%
9177;Erding;-2%
9178;Freising;-1%
9179;Fürstenfeldbruck;-9%
9180;Garmisch-Partenkirchen;-22%
9181;Landsberg am Lech;-12%
9182;Miesbach;-14%
9183;Mühldorf a.Inn;-21%
9184;München;19%
9185;Neuburg-Schrobenhausen;-13%
9186;Pfaffenhofen a.d.Ilm;-6%
9187;Rosenheim;-18%
9188;Starnberg;-5%
9189;Traunstein;-19%
9190;Weilheim-Schongau;-16%
9261;Landshut;5%
9262;Passau;-27%
9263;Straubing;-15%
9271;Deggendorf;-18%
9272;Freyung-Grafenau;-41%
9273;Kelheim;-18%
9274;Landshut;-10%
9275;Passau;-29%
9276;Regen;-36%
9277;Rottal-Inn;-20%
9278;Straubing-Bogen;-26%
9279;Dingolfing-Landau;-18%
9361;Amberg;-32%
9362;Regensburg;24%
9363;Weiden i.d.OPf.;-24%
9371;Amberg-Sulzbach;-39%
9372;Cham;-32%
9373;Neumarkt i.d.OPf.;-24%
9374;Neustadt a.d.Waldnaab;-40%
9375;Regensburg;-12%
9376;Schwandorf;-27%
9377;Tirschenreuth;-46%
9461;Bamberg;-16%
9462;Bayreuth;-25%
9463;Coburg;-26%
9464;Hof;-28%
9471;Bamberg;-24%
9472;Bayreuth;-35%
9473;Coburg;-37%
9474;Forchheim;-25%
9475;Hof;-42%
9476;Kronach;-44%
9477;Kulmbach;-38%
9478;Lichtenfels;-32%
9479;Wunsiedel i.Fichtelgebirge;-41%
9561;Ansbach;-12%
9562;Erlangen;-4%
9563;Fürth;6%
9564;Nürnberg;2%
9565;Schwabach;-5%
9571;Ansbach;-24%
9572;Erlangen-Höchstadt;-19%
9573;Fürth;-7%
9574;Nürnberger Land;-18%
9575;Neustadt a.d.Aisch-Bad Windsheim;-19%
9576;Roth;-30%
9577;Weißenburg-Gunzenhausen;-31%
9661;Aschaffenburg;-18%
9662;Schweinfurt;-18%
9663;Würzburg;-9%
9671;Aschaffenburg;-35%
9672;Bad Kissingen;-34%
9673;Rhön-Grabfeld;-36%
9674;Haßberge;-32%
9675;Kitzingen;-30%
9676;Miltenberg;-33%
9677;Main-Spessart;-38%
9678;Schweinfurt;-26%
9679;Würzburg;-22%
9761;Augsburg;-3%
9762;Kaufbeuren;-20%
9763;Kempten (Allgäu);-5%
9764;Memmingen;-10%
9771;Aichach-Friedberg;-11%
9772;Augsburg;-18%
9773;Dillingen a.d.Donau;-29%
9774;Günzburg;-24%
9775;Neu-Ulm;-18%
9776;Lindau (Bodensee);-19%
9777;Ostallgäu;-25%
9778;Unterallgäu;-21%
9779;Donau-Ries;-31%
9780;Oberallgäu;-24%
10041;Regionalverband Saarbrücken;-27%
10042;Merzig-Wadern;-34%
10043;Neunkirchen;-41%
10044;Saarlouis;-31%
10045;Saarpfalz-Kreis;-30%
10046;St. Wendel;-46%
11000;Berlin, Stadt;1%
12051;Brandenburg an der Havel, Stadt;-42%
12052;Cottbus, Stadt;-54%
12053;Frankfurt (Oder), Stadt;-59%
12054;Potsdam, Stadt;0%
12060;Barnim;-19%
12061;Dahme-Spreewald;-14%
12062;Elbe-Elster;-54%
12063;Havelland;-19%
12064;Märkisch-Oderland;-30%
12065;Oberhavel;-9%
12066;Oberspreewald-Lausitz;-56%
12067;Oder-Spree;-38%
12068;Ostprignitz-Ruppin;-47%
12069;Potsdam-Mittelmark;-11%
12070;Prignitz;-56%
12071;Spree-Neiße;-55%
12072;Teltow-Fläming;-20%
12073;Uckermark;-59%
13003;Rostock;-28%
13004;Schwerin;-41%
13071;Mecklenburgische Seenplatte;-52%
13072;Landkreis Rostock;-37%
13073;Vorpommern-Rügen;-50%
13074;Nordwestmecklenburg;-32%
13075;Vorpommern-Greifswald;-47%
13076;Ludwigslust-Parchim;-44%
14511;Chemnitz, Stadt;-24%
14521;Erzgebirgskreis;-45%
14522;Mittelsachsen;-40%
14523;Vogtlandkreis;-37%
14524;Zwickau;-37%
14612;Dresden, Stadt;12%
14625;Bautzen;-43%
14626;Görlitz;-52%
14627;Meißen;-32%
14628;Sächsische Schweiz-Osterzgebirge;-29%
14713;Leipzig, Stadt;14%
14729;Leipzig;-30%
14730;Nordsachsen;-43%
15001;Dessau-Roßlau, Stadt;-50%
15002;Halle (Saale), Stadt;-37%
15003;Magdeburg, Landeshauptstadt;-30%
15081;Altmarkkreis Salzwedel;-46%
15082;Anhalt-Bitterfeld;-53%
15083;Börde;-34%
15084;Burgenlandkreis;-44%
15085;Harz;-51%
15086;Jerichower Land;-40%
15087;Mansfeld-Südharz;-56%
15088;Saalekreis;-37%
15089;Salzlandkreis;-52%
15090;Stendal;-58%
15091;Wittenberg;-55%
16051;Erfurt, Stadt;-21%
16052;Gera, Stadt;-49%
16053;Jena, Stadt;-6%
16054;Suhl, Stadt;-66%
16055;Weimar, Stadt;-12%
16056;Eisenach, Stadt;-28%
16061;Eichsfeld;-40%
16062;Nordhausen;-38%
16063;Wartburgkreis;-41%
16064;Unstrut-Hainich-Kreis;-39%
16065;Kyffhäuserkreis;-52%
16066;Schmalkalden-Meiningen;-44%
16067;Gotha;-31%
16068;Sömmerda;-41%
16069;Hildburghausen;-37%
16070;Ilm-Kreis;-30%
16071;Weimarer Land;-29%
16072;Sonneberg;-48%
16073;Saalfeld-Rudolstadt;-49%
16074;Saale-Holzland-Kreis;-33%
16075;Saale-Orla-Kreis;-44%
16076;Greiz;-43%
16077;Altenburger Land;-48%
